{
	"presets": [
		"@babel/react",
		[
			"@babel/env",
			{
				"modules": false,
				"useBuiltIns": "entry",
				"corejs": 3,
				"targets": {
					"browsers": ["last 2 versions", "safari > 8", "not ie < 11"]
				}
			}
		],
		"@babel/preset-flow"
	],
	"plugins": [
		"@babel/plugin-proposal-class-properties",
		"react-hot-loader/babel"
	],
	"env": {
		"test": {
			"presets": [
				"@babel/react",
				[
					"@babel/env",
					{
						"targets": {
							"browsers": ["last 2 versions", "safari > 8", "not ie < 11"]
						}
					}
				]
			],
			"plugins": ["@babel/transform-modules-commonjs", "dynamic-import-node"]
		}
	}
}
