{
	"spacing": {
		"title" : "Spacing",
		"description": "Change the letter spacing over all glyphs at once."
	},
	"diacriticHeight": {
		"title" : "Diacritic position",
		"description": "Change the accents position on all diacritic glyphs (é, à, ô, etc.)"
	},
	"opticThickness": {
		"title" : "Capitals thickness",
		"description": "This parameter is an optical correction to render capital glyphs in the same way as lowercases — All uppercases."
	},
	"smallCapDelta": {
		"title" : "Small capitals height",
		"description": "Change the delta of the small capital height — All small caps."
	},
	"_scThickness": {
		"title" : "Small capitals thickness",
		"description": "This parameter is an optical correction to render the same thickness as lowercases — All small caps."
	},
	"_scWidth": {
		"title" : "Small capitals width",
		"description": "This parameter is an optical correction to render the same width as lowercases — All small caps."
	},
	"xHeight": {
		"title" : "x-height",
		"description": "The height of a typeface’s lowercase letters (disregarding ascenders and descenders) — All lowercases."
	},
	"capDelta": {
		"title" : "Capital height",
		"description": "The height from the baseline to the top of the uppercase letters — All uppercases."
	},
	"ascender": {
		"title" : "Ascender",
		"description": "A part of a lowercase letter that rises above the main body of the letter (above the x-height) — b, d, h, etc."
	},
	"descender": {
		"title" : "Descender",
		"description": "A piece of a letter that extends below the baseline — g, j, p, etc."
	},
	"crossbar": {
		"title" : "Crossbar",
		"description": "The horizontal stroke across the middle of the letters — A, E, e, etc."
	},
	"width": {
		"title" : "Width",
		"description": "Change this parameter to make fonts from condensed to extended ones — All glyphs."
	},
	"slant": {
		"title" : "Slant",
		"description": "Use this parameter to create oblic typefaces — All glyphs."
	},
	"overshoot": {
		"title" : "overshoot",
		"description": "This optical correction prevents round letters from appearing smaller than straight letters — O, C, g, n, etc."
	},
	"thickness": {
		"title" : "Thickness",
		"description": "Use this parameter to create different weights of a typeface — All glyphs."
	},
	"_contrast": {
		"title" : "Contrast",
		"description": "This parameter is the difference in stroke width within a letterform; also called stroke modulation."
	},
	"_contrastExtremity": {
		"title" : "Contrast extremity",
		"description": "This parameter is the difference of width in joints."
	},
	"aperture": {
		"title" : "Aperture",
		"description": "The partially enclosed, somewhat rounded negative space in some glyphs — C, c, n, etc."
	},
	"apertureTop": {
		"title" : "Aperture top",
		"description": "The partially enclosed, somewhat rounded negative space at top in some glyphs — C, c, n, etc."
	},
	"apertureBottom": {
		"title" : "Aperture bottom",
		"description": "The partially enclosed, somewhat rounded negative space at bottom in some glyphs — C, c, etc."
	},
	"curviness": {
		"title" : "Curviness",
		"description": "This changes the curviness of each segment of letters, from straight lines to rounded segments. — All glyphs."
	},
	"serifWidth": {
		"title" : "Serif width",
		"description": "Change the lenght of each serifs. This may have no effect if you don't set the height of serifs."
	},
	"midWidth": {
		"title" : "Serif middle width",
		"description": "Change the lenght of the bottom of each serifs. This may have no effect if you don't set the height AND width of serifs."
	},
	"serifHeight": {
		"title" : "Serif height",
		"description": "Change the height of each serifs. This may have no effect if you don't set the width of serifs."
	},
	"serifMedian": {
		"title" : "Serif median",
		"description": "Change the height of the extremity of the serif. This may have no effect if you don't set the height of serifs."
	},
	"serifCurve": {
		"title" : "Serif curve",
		"description": "…"
	},
	"serifCurviness": {
		"title" : "Serif curviness",
		"description": "…"
	},
	"serifArc": {
		"title" : "Serif arc",
		"description": "…"
	},
	"serifTerminal": {
		"title" : "Serif terminal",
		"description": "…"
	},
	"serifTerminalCurve": {
		"title" : "Serif terminal curviness",
		"description": "…"
	},
	"serifExtremity": {
		"title" : "Serif terminal",
		"description": "…"
	},
	"serifRoundness": {
		"title" : "Serif roundness",
		"description": "…"
	},
	"spurHeight": {
		"title" : "Spur height",
		"description": "…"
	},
	"serifRotate": {
		"title" : "Serif rotation",
		"description": "…"
	},
	"serifBall": {
		"title" : "Serif terminal ball",
		"description": "…"
	},
	"serifAperture": {
		"title" : "Serif aperture",
		"description": "…"
	}
}
